{"payload":{"installed_packages":["absl-py==2.0.0","addict==2.4.0","altgraph==0.17.4","asttokens==2.4.1","astunparse==1.6.3","attrs==23.2.0","autocommand==2.2.2","backcall==0.2.0","backports.tarfile==1.2.0","basicsr==1.4.2","blinker==1.7.0","cachetools==5.3.2","certifi==2023.7.22","chardet==4.0.0","charset-normalizer==3.3.2","click==8.1.7","colorama==0.4.6","coloredlogs==15.0.1","comet-ml==3.47.2","configobj==5.0.8","contourpy==1.1.1","cycler==0.10.0","decorator==5.1.1","distance==0.1.3","dlib==19.24.2","dulwich==0.22.1","everett==3.1.0","executing==2.0.1","facexlib==0.3.0","filelock==3.14.0","filterpy==1.4.5","flask==3.0.2","flatbuffers==23.5.26","fonttools==4.45.1","fsspec==2024.3.1","future==1.0.0","gast==0.4.0","gfpgan==1.3.8","gitdb==4.0.11","gitpython==3.1.43","google-auth==2.23.4","google-auth-oauthlib==1.0.0","google-pasta==0.2.0","grpcio==1.59.3","h5py==3.10.0","humanfriendly==10.0","idna==2.10","imageio==2.35.1","importlib-metadata==6.8.0","importlib-resources==6.1.1","imutils==0.5.4","inflect==7.3.1","intel-openmp==2021.4.0","ipython==8.12.3","itsdangerous==2.1.2","jaraco.collections==5.1.0","jaraco.context==5.3.0","jaraco.functools==4.0.1","jaraco.text==3.12.1","jedi==0.19.1","jinja2==3.1.3","joblib==1.4.2","jsonschema==4.22.0","jsonschema-specifications==2023.12.1","keras==2.13.1","kiwisolver==1.4.5","lazy-loader==0.4","libclang==16.0.6","llvmlite==0.41.1","lmdb==1.5.1","markdown==3.5.1","markdown-it-py==3.0.0","markupsafe==2.1.3","matplotlib==3.7.4","matplotlib-inline==0.1.7","mdurl==0.1.2","mkl==2021.4.0","more-itertools==10.3.0","mouseinfo==0.1.3","mpmath==1.3.0","networkx==3.1","np-utils==0.6.0","numba==0.58.1","numpy==1.24.3","oauthlib==3.2.2","onnx==1.16.0","onnx2torch==1.5.14","onnxruntime==1.17.3","opencv-contrib-python==4.10.0.84","opencv-python==4.10.0.84","opt-einsum==3.3.0","packaging==23.2","pafy==0.5.5","pandas==2.0.3","parso==0.8.4","pefile==2023.2.7","pickleshare==0.7.5","pillow==10.3.0","pip==24.3.1","pkgutil-resolve-name==1.3.10","platformdirs==4.3.6","prompt-toolkit==3.0.47","protobuf==4.25.1","psutil==5.9.8","pure-eval==0.2.3","py-cpuinfo==9.0.0","pyasn1==0.5.1","pyasn1-modules==0.3.0","pyautogui==0.9.54","pygame==2.5.2","pygame-menu==4.4.3","pygetwindow==0.0.9","pygments==2.18.0","pyinstaller==6.11.0","pyinstaller-hooks-contrib==2024.9","pymsgbox==1.0.9","pyparsing==3.1.1","pyperclip==1.8.2","pyreadline3==3.4.1","pyrect==0.2.0","pyscreeze==0.1.30","python-box==6.1.0","python-dateutil==2.8.2","python-dotenv==1.0.1","python-magic==0.4.27","pytweening==1.2.0","pytz==2024.1","pywavelets==1.4.1","pywin32-ctypes==0.2.3","pyyaml==6.0.1","realesrgan==0.3.0","referencing==0.35.1","requests==2.32.3","requests-oauthlib==1.3.1","requests-toolbelt==1.0.0","rich==13.7.1","roboflow==1.1.29","rpds-py==0.18.1","rsa==4.9","scikit-image==0.21.0","scikit-learn==1.3.2","scipy==1.10.1","seaborn==0.13.2","semantic-version==2.10.0","sentry-sdk==2.2.0","setuptools==75.2.0","simplejson==3.19.2","six==1.16.0","smmap==5.0.1","stack-data==0.6.3","sympy==1.12","tb-nightly==2.14.0a20230808","tbb==2021.12.0","tensorboard==2.14.0","tensorboard-data-server==0.7.2","tensorflow==2.13.0","tensorflow-estimator==2.13.0","tensorflow-intel==2.13.0","tensorflow-io-gcs-filesystem==0.31.0","termcolor==2.3.0","thop==0.1.1.post2209072238","threadpoolctl==3.5.0","tifffile==2023.7.10","tomli==2.0.2","torch==2.4.1+cu124","torchaudio==2.4.1+cu124","torchvision==0.19.1+cu124","tqdm==4.66.4","traitlets==5.14.3","typeguard==4.3.0","typing-extensions==4.12.2","tzdata==2024.1","ultralytics==8.3.23","ultralytics-thop==2.0.9","urllib3==2.1.0","wcwidth==0.2.13","websocket-client==1.8.0","werkzeug==3.0.1","wheel==0.41.3","wrapt==1.16.0","wurlitzer==3.1.0","yapf==0.40.2","youtube-dl==2020.12.2","zipp==3.17.0"],"message_id":1},"type":"installed_packages"}
{"payload":{"command":["train.py","--data","data.yaml","--weights","yolov5s.pt","--img","1024","--batch-size","32","--epochs","100","--device","0"],"env":null,"hostname":"DESKTOP-IEQI6OG","ip":"222.113.1.226","machine":"AMD64","message_id":2,"os":"Windows-10-10.0.22631-SP0","os_release":"10","os_type":"Windows","pid":12992,"processor":"Intel64 Family 6 Model 151 Stepping 5, GenuineIntel","python_exe":"C:\\Users\\TaeSan\\AppData\\Local\\Programs\\Python\\Python38\\python.exe","python_version":"3.8.10","python_version_verbose":"3.8.10 (tags/v3.8.10:3d8993a, May  3 2021, 11:48:03) [MSC v.1928 64 bit (AMD64)]","user":"TaeSan"},"type":"system_details"}
{"payload":{"gpu_static_info":[{"gpu_index":0,"name":"NVIDIA GeForce RTX 3070","power_limit":240000,"total_memory":8589934592,"uuid":"GPU-e6c056a4-955b-26d6-f49c-c361a244c76c"}],"message_id":3},"type":"gpu_static_info"}
{"payload":{"local_timestamp":1731391992547,"message_id":4,"metric":{"epoch":null,"metricName":"sys.gpu.0.total_memory","metricValue":8589934592,"step":null}},"type":"metric_msg"}
{"payload":{"local_timestamp":1731391992549,"message_id":5,"param":{"paramName":"data","paramValue":"data.yaml","source":"cli","step":null}},"type":"parameter_msg"}
{"payload":{"local_timestamp":1731391992549,"message_id":6,"param":{"paramName":"weights","paramValue":"yolov5s.pt","source":"cli","step":null}},"type":"parameter_msg"}
{"payload":{"local_timestamp":1731391992549,"message_id":7,"param":{"paramName":"img","paramValue":1024,"source":"cli","step":null}},"type":"parameter_msg"}
{"payload":{"local_timestamp":1731391992549,"message_id":8,"param":{"paramName":"batch-size","paramValue":32,"source":"cli","step":null}},"type":"parameter_msg"}
{"payload":{"local_timestamp":1731391992549,"message_id":9,"param":{"paramName":"epochs","paramValue":100,"source":"cli","step":null}},"type":"parameter_msg"}
{"payload":{"local_timestamp":1731391992549,"message_id":10,"param":{"paramName":"device","paramValue":0,"source":"cli","step":null}},"type":"parameter_msg"}
{"payload":{"key":"offline_experiment","message_id":11,"value":true},"type":"log_other"}
{"payload":{"key":"Name","message_id":12,"value":"exp"},"type":"log_other"}
{"payload":{"additional_params":{"assetId":"64aa06dd752a485d81683f6e7fbd0b68","context":null,"extension":"yaml","fileName":"data.yaml","overwrite":false,"runId":null,"step":null},"clean":true,"file_path":"tmpo0xdzel5","local_timestamp":1731391992554,"message_id":13,"metadata":{"type":"data-config-file"},"upload_type":"asset"},"type":"file_upload"}
{"payload":{"local_timestamp":1731391992557,"message_id":14,"metric":{"epoch":null,"metricName":"sys.gpu.0.gpu_utilization","metricValue":0,"step":null}},"type":"metric_msg"}
{"payload":{"local_timestamp":1731391992557,"message_id":15,"metric":{"epoch":null,"metricName":"sys.gpu.0.power_usage","metricValue":41288,"step":null}},"type":"metric_msg"}
{"payload":{"local_timestamp":1731391992557,"message_id":16,"metric":{"epoch":null,"metricName":"sys.gpu.0.temperature","metricValue":35,"step":null}},"type":"metric_msg"}
{"payload":{"local_timestamp":1731391992557,"message_id":17,"metric":{"epoch":null,"metricName":"sys.gpu.0.memory_utilization","metricValue":1,"step":null}},"type":"metric_msg"}
{"payload":{"local_timestamp":1731391992557,"message_id":18,"metric":{"epoch":null,"metricName":"sys.gpu.0.free_memory","metricValue":7923490816,"step":null}},"type":"metric_msg"}
{"payload":{"local_timestamp":1731391992557,"message_id":19,"metric":{"epoch":null,"metricName":"sys.gpu.0.used_memory","metricValue":666443776,"step":null}},"type":"metric_msg"}
{"payload":{"local_timestamp":1731391992557,"message_id":20,"metric":{"epoch":null,"metricName":"sys.gpu.0.percent.used_memory","metricValue":7.758426666259766,"step":null}},"type":"metric_msg"}
{"payload":{"key":"Created from","message_id":21,"value":"YOLOv5"},"type":"log_other"}
{"payload":{"key":"hasNestedParams","message_id":22,"value":true},"type":"log_other"}
{"payload":{"local_timestamp":1731391992560,"message_id":23,"param":{"paramName":"artifact_alias","paramValue":"latest","source":"manual","step":null}},"type":"parameter_msg"}
{"payload":{"local_timestamp":1731391992560,"message_id":24,"param":{"paramName":"batch_size","paramValue":32,"source":"manual","step":null}},"type":"parameter_msg"}
{"payload":{"local_timestamp":1731391992560,"message_id":25,"param":{"paramName":"bbox_interval","paramValue":-1,"source":"manual","step":null}},"type":"parameter_msg"}
{"payload":{"local_timestamp":1731391992560,"message_id":26,"param":{"paramName":"bucket","paramValue":"","source":"manual","step":null}},"type":"parameter_msg"}
{"payload":{"local_timestamp":1731391992560,"message_id":27,"param":{"paramName":"cache","paramValue":null,"source":"manual","step":null}},"type":"parameter_msg"}
{"payload":{"local_timestamp":1731391992560,"message_id":28,"param":{"paramName":"cfg","paramValue":"","source":"manual","step":null}},"type":"parameter_msg"}
{"payload":{"local_timestamp":1731391992560,"message_id":29,"param":{"paramName":"cos_lr","paramValue":false,"source":"manual","step":null}},"type":"parameter_msg"}
{"payload":{"local_timestamp":1731391992560,"message_id":30,"param":{"paramName":"data","paramValue":"C:\\Users\\TaeSan\\Desktop\\sang,tae_jetson\\Jae\\yolov5-master\\data\\data.yaml","source":"manual","step":null}},"type":"parameter_msg"}
{"payload":{"local_timestamp":1731391992560,"message_id":31,"param":{"paramName":"device","paramValue":"0","source":"manual","step":null}},"type":"parameter_msg"}
{"payload":{"local_timestamp":1731391992560,"message_id":32,"param":{"paramName":"entity","paramValue":null,"source":"manual","step":null}},"type":"parameter_msg"}
{"payload":{"local_timestamp":1731391992560,"message_id":33,"param":{"paramName":"evolve","paramValue":null,"source":"manual","step":null}},"type":"parameter_msg"}
{"payload":{"local_timestamp":1731391992560,"message_id":34,"param":{"paramName":"evolve_population","paramValue":"data\\hyps","source":"manual","step":null}},"type":"parameter_msg"}
{"payload":{"local_timestamp":1731391992560,"message_id":35,"param":{"paramName":"exist_ok","paramValue":false,"source":"manual","step":null}},"type":"parameter_msg"}
{"payload":{"local_timestamp":1731391992560,"message_id":36,"params":{"paramName":"freeze","paramValue":[0],"source":"manual","step":null}},"type":"parameter_msg"}
{"payload":{"local_timestamp":1731391992560,"message_id":37,"param":{"paramName":"hyp|anchor_t","paramValue":4.0,"source":"manual","step":null}},"type":"parameter_msg"}
{"payload":{"local_timestamp":1731391992560,"message_id":38,"param":{"paramName":"hyp|box","paramValue":0.05,"source":"manual","step":null}},"type":"parameter_msg"}
{"payload":{"local_timestamp":1731391992560,"message_id":39,"param":{"paramName":"hyp|cls","paramValue":0.5,"source":"manual","step":null}},"type":"parameter_msg"}
{"payload":{"local_timestamp":1731391992560,"message_id":40,"param":{"paramName":"hyp|cls_pw","paramValue":1.0,"source":"manual","step":null}},"type":"parameter_msg"}
{"payload":{"local_timestamp":1731391992560,"message_id":41,"param":{"paramName":"hyp|copy_paste","paramValue":0.0,"source":"manual","step":null}},"type":"parameter_msg"}
{"payload":{"local_timestamp":1731391992560,"message_id":42,"param":{"paramName":"hyp|degrees","paramValue":0.0,"source":"manual","step":null}},"type":"parameter_msg"}
{"payload":{"local_timestamp":1731391992560,"message_id":43,"param":{"paramName":"hyp|fl_gamma","paramValue":0.0,"source":"manual","step":null}},"type":"parameter_msg"}
{"payload":{"local_timestamp":1731391992560,"message_id":44,"param":{"paramName":"hyp|fliplr","paramValue":0.5,"source":"manual","step":null}},"type":"parameter_msg"}
{"payload":{"local_timestamp":1731391992560,"message_id":45,"param":{"paramName":"hyp|flipud","paramValue":0.0,"source":"manual","step":null}},"type":"parameter_msg"}
{"payload":{"local_timestamp":1731391992560,"message_id":46,"param":{"paramName":"hyp|hsv_h","paramValue":0.015,"source":"manual","step":null}},"type":"parameter_msg"}
{"payload":{"local_timestamp":1731391992560,"message_id":47,"param":{"paramName":"hyp|hsv_s","paramValue":0.7,"source":"manual","step":null}},"type":"parameter_msg"}
{"payload":{"local_timestamp":1731391992560,"message_id":48,"param":{"paramName":"hyp|hsv_v","paramValue":0.4,"source":"manual","step":null}},"type":"parameter_msg"}
{"payload":{"local_timestamp":1731391992560,"message_id":49,"param":{"paramName":"hyp|iou_t","paramValue":0.2,"source":"manual","step":null}},"type":"parameter_msg"}
{"payload":{"local_timestamp":1731391992560,"message_id":50,"param":{"paramName":"hyp|lr0","paramValue":0.01,"source":"manual","step":null}},"type":"parameter_msg"}
{"payload":{"local_timestamp":1731391992560,"message_id":51,"param":{"paramName":"hyp|lrf","paramValue":0.01,"source":"manual","step":null}},"type":"parameter_msg"}
{"payload":{"local_timestamp":1731391992560,"message_id":52,"param":{"paramName":"hyp|mixup","paramValue":0.0,"source":"manual","step":null}},"type":"parameter_msg"}
{"payload":{"local_timestamp":1731391992560,"message_id":53,"param":{"paramName":"hyp|momentum","paramValue":0.937,"source":"manual","step":null}},"type":"parameter_msg"}
{"payload":{"local_timestamp":1731391992560,"message_id":54,"param":{"paramName":"hyp|mosaic","paramValue":1.0,"source":"manual","step":null}},"type":"parameter_msg"}
{"payload":{"local_timestamp":1731391992560,"message_id":55,"param":{"paramName":"hyp|obj","paramValue":1.0,"source":"manual","step":null}},"type":"parameter_msg"}
{"payload":{"local_timestamp":1731391992560,"message_id":56,"param":{"paramName":"hyp|obj_pw","paramValue":1.0,"source":"manual","step":null}},"type":"parameter_msg"}
{"payload":{"local_timestamp":1731391992560,"message_id":57,"param":{"paramName":"hyp|perspective","paramValue":0.0,"source":"manual","step":null}},"type":"parameter_msg"}
{"payload":{"local_timestamp":1731391992560,"message_id":58,"param":{"paramName":"hyp|scale","paramValue":0.5,"source":"manual","step":null}},"type":"parameter_msg"}
{"payload":{"local_timestamp":1731391992560,"message_id":59,"param":{"paramName":"hyp|shear","paramValue":0.0,"source":"manual","step":null}},"type":"parameter_msg"}
{"payload":{"local_timestamp":1731391992560,"message_id":60,"param":{"paramName":"hyp|translate","paramValue":0.1,"source":"manual","step":null}},"type":"parameter_msg"}
{"payload":{"local_timestamp":1731391992560,"message_id":61,"param":{"paramName":"hyp|warmup_bias_lr","paramValue":0.1,"source":"manual","step":null}},"type":"parameter_msg"}
{"payload":{"local_timestamp":1731391992560,"message_id":62,"param":{"paramName":"hyp|warmup_epochs","paramValue":3.0,"source":"manual","step":null}},"type":"parameter_msg"}
{"payload":{"local_timestamp":1731391992560,"message_id":63,"param":{"paramName":"hyp|warmup_momentum","paramValue":0.8,"source":"manual","step":null}},"type":"parameter_msg"}
{"payload":{"local_timestamp":1731391992560,"message_id":64,"param":{"paramName":"hyp|weight_decay","paramValue":0.0005,"source":"manual","step":null}},"type":"parameter_msg"}
{"payload":{"local_timestamp":1731391992560,"message_id":65,"param":{"paramName":"image_weights","paramValue":false,"source":"manual","step":null}},"type":"parameter_msg"}
{"payload":{"local_timestamp":1731391992560,"message_id":66,"param":{"paramName":"imgsz","paramValue":1024,"source":"manual","step":null}},"type":"parameter_msg"}
{"payload":{"local_timestamp":1731391992560,"message_id":67,"param":{"paramName":"label_smoothing","paramValue":0.0,"source":"manual","step":null}},"type":"parameter_msg"}
{"payload":{"local_timestamp":1731391992560,"message_id":68,"param":{"paramName":"local_rank","paramValue":-1,"source":"manual","step":null}},"type":"parameter_msg"}
{"payload":{"local_timestamp":1731391992561,"message_id":69,"param":{"paramName":"multi_scale","paramValue":false,"source":"manual","step":null}},"type":"parameter_msg"}
{"payload":{"local_timestamp":1731391992561,"message_id":70,"param":{"paramName":"name","paramValue":"exp","source":"manual","step":null}},"type":"parameter_msg"}
{"payload":{"local_timestamp":1731391992561,"message_id":71,"param":{"paramName":"ndjson_console","paramValue":false,"source":"manual","step":null}},"type":"parameter_msg"}
{"payload":{"local_timestamp":1731391992561,"message_id":72,"param":{"paramName":"ndjson_file","paramValue":false,"source":"manual","step":null}},"type":"parameter_msg"}
{"payload":{"local_timestamp":1731391992561,"message_id":73,"param":{"paramName":"noautoanchor","paramValue":false,"source":"manual","step":null}},"type":"parameter_msg"}
{"payload":{"local_timestamp":1731391992561,"message_id":74,"param":{"paramName":"noplots","paramValue":false,"source":"manual","step":null}},"type":"parameter_msg"}
{"payload":{"local_timestamp":1731391992561,"message_id":75,"param":{"paramName":"nosave","paramValue":false,"source":"manual","step":null}},"type":"parameter_msg"}
{"payload":{"local_timestamp":1731391992561,"message_id":76,"param":{"paramName":"noval","paramValue":false,"source":"manual","step":null}},"type":"parameter_msg"}
{"payload":{"local_timestamp":1731391992561,"message_id":77,"param":{"paramName":"optimizer","paramValue":"SGD","source":"manual","step":null}},"type":"parameter_msg"}
{"payload":{"local_timestamp":1731391992561,"message_id":78,"param":{"paramName":"patience","paramValue":100,"source":"manual","step":null}},"type":"parameter_msg"}
{"payload":{"local_timestamp":1731391992561,"message_id":79,"param":{"paramName":"project","paramValue":"runs\\train","source":"manual","step":null}},"type":"parameter_msg"}
{"payload":{"local_timestamp":1731391992561,"message_id":80,"param":{"paramName":"quad","paramValue":false,"source":"manual","step":null}},"type":"parameter_msg"}
{"payload":{"local_timestamp":1731391992561,"message_id":81,"param":{"paramName":"rect","paramValue":false,"source":"manual","step":null}},"type":"parameter_msg"}
{"payload":{"local_timestamp":1731391992561,"message_id":82,"param":{"paramName":"resume","paramValue":false,"source":"manual","step":null}},"type":"parameter_msg"}
{"payload":{"local_timestamp":1731391992561,"message_id":83,"param":{"paramName":"resume_evolve","paramValue":null,"source":"manual","step":null}},"type":"parameter_msg"}
{"payload":{"local_timestamp":1731391992561,"message_id":84,"param":{"paramName":"save_dir","paramValue":"runs\\train\\exp","source":"manual","step":null}},"type":"parameter_msg"}
{"payload":{"local_timestamp":1731391992561,"message_id":85,"param":{"paramName":"save_period","paramValue":-1,"source":"manual","step":null}},"type":"parameter_msg"}
{"payload":{"local_timestamp":1731391992561,"message_id":86,"param":{"paramName":"seed","paramValue":0,"source":"manual","step":null}},"type":"parameter_msg"}
{"payload":{"local_timestamp":1731391992561,"message_id":87,"param":{"paramName":"single_cls","paramValue":false,"source":"manual","step":null}},"type":"parameter_msg"}
{"payload":{"local_timestamp":1731391992561,"message_id":88,"param":{"paramName":"sync_bn","paramValue":false,"source":"manual","step":null}},"type":"parameter_msg"}
{"payload":{"local_timestamp":1731391992561,"message_id":89,"param":{"paramName":"upload_dataset","paramValue":false,"source":"manual","step":null}},"type":"parameter_msg"}
{"payload":{"local_timestamp":1731391992561,"message_id":90,"param":{"paramName":"workers","paramValue":8,"source":"manual","step":null}},"type":"parameter_msg"}
{"payload":{"local_timestamp":1731391992561,"message_id":91,"param":{"paramName":"anchor_t","paramValue":4.0,"source":"manual","step":null}},"type":"parameter_msg"}
{"payload":{"local_timestamp":1731391992561,"message_id":92,"param":{"paramName":"box","paramValue":0.05,"source":"manual","step":null}},"type":"parameter_msg"}
{"payload":{"local_timestamp":1731391992561,"message_id":93,"param":{"paramName":"cls","paramValue":0.5,"source":"manual","step":null}},"type":"parameter_msg"}
{"payload":{"local_timestamp":1731391992561,"message_id":94,"param":{"paramName":"cls_pw","paramValue":1.0,"source":"manual","step":null}},"type":"parameter_msg"}
{"payload":{"local_timestamp":1731391992561,"message_id":95,"param":{"paramName":"copy_paste","paramValue":0.0,"source":"manual","step":null}},"type":"parameter_msg"}
{"payload":{"local_timestamp":1731391992561,"message_id":96,"param":{"paramName":"degrees","paramValue":0.0,"source":"manual","step":null}},"type":"parameter_msg"}
{"payload":{"local_timestamp":1731391992561,"message_id":97,"param":{"paramName":"fl_gamma","paramValue":0.0,"source":"manual","step":null}},"type":"parameter_msg"}
{"payload":{"local_timestamp":1731391992561,"message_id":98,"param":{"paramName":"fliplr","paramValue":0.5,"source":"manual","step":null}},"type":"parameter_msg"}
{"payload":{"local_timestamp":1731391992561,"message_id":99,"param":{"paramName":"flipud","paramValue":0.0,"source":"manual","step":null}},"type":"parameter_msg"}
{"payload":{"local_timestamp":1731391992561,"message_id":100,"param":{"paramName":"hsv_h","paramValue":0.015,"source":"manual","step":null}},"type":"parameter_msg"}
{"payload":{"local_timestamp":1731391992561,"message_id":101,"param":{"paramName":"hsv_s","paramValue":0.7,"source":"manual","step":null}},"type":"parameter_msg"}
{"payload":{"local_timestamp":1731391992561,"message_id":102,"param":{"paramName":"hsv_v","paramValue":0.4,"source":"manual","step":null}},"type":"parameter_msg"}
{"payload":{"local_timestamp":1731391992561,"message_id":103,"param":{"paramName":"iou_t","paramValue":0.2,"source":"manual","step":null}},"type":"parameter_msg"}
{"payload":{"local_timestamp":1731391992561,"message_id":104,"param":{"paramName":"lr0","paramValue":0.01,"source":"manual","step":null}},"type":"parameter_msg"}
{"payload":{"local_timestamp":1731391992561,"message_id":105,"param":{"paramName":"lrf","paramValue":0.01,"source":"manual","step":null}},"type":"parameter_msg"}
{"payload":{"local_timestamp":1731391992561,"message_id":106,"param":{"paramName":"mixup","paramValue":0.0,"source":"manual","step":null}},"type":"parameter_msg"}
{"payload":{"local_timestamp":1731391992561,"message_id":107,"param":{"paramName":"momentum","paramValue":0.937,"source":"manual","step":null}},"type":"parameter_msg"}
{"payload":{"local_timestamp":1731391992561,"message_id":108,"param":{"paramName":"mosaic","paramValue":1.0,"source":"manual","step":null}},"type":"parameter_msg"}
{"payload":{"local_timestamp":1731391992561,"message_id":109,"param":{"paramName":"obj","paramValue":1.0,"source":"manual","step":null}},"type":"parameter_msg"}
{"payload":{"local_timestamp":1731391992561,"message_id":110,"param":{"paramName":"obj_pw","paramValue":1.0,"source":"manual","step":null}},"type":"parameter_msg"}
{"payload":{"local_timestamp":1731391992561,"message_id":111,"param":{"paramName":"perspective","paramValue":0.0,"source":"manual","step":null}},"type":"parameter_msg"}
{"payload":{"local_timestamp":1731391992561,"message_id":112,"param":{"paramName":"scale","paramValue":0.5,"source":"manual","step":null}},"type":"parameter_msg"}
{"payload":{"local_timestamp":1731391992561,"message_id":113,"param":{"paramName":"shear","paramValue":0.0,"source":"manual","step":null}},"type":"parameter_msg"}
{"payload":{"local_timestamp":1731391992561,"message_id":114,"param":{"paramName":"translate","paramValue":0.1,"source":"manual","step":null}},"type":"parameter_msg"}
{"payload":{"local_timestamp":1731391992561,"message_id":115,"param":{"paramName":"warmup_bias_lr","paramValue":0.1,"source":"manual","step":null}},"type":"parameter_msg"}
{"payload":{"local_timestamp":1731391992561,"message_id":116,"param":{"paramName":"warmup_epochs","paramValue":3.0,"source":"manual","step":null}},"type":"parameter_msg"}
{"payload":{"local_timestamp":1731391992561,"message_id":117,"param":{"paramName":"warmup_momentum","paramValue":0.8,"source":"manual","step":null}},"type":"parameter_msg"}
{"payload":{"local_timestamp":1731391992561,"message_id":118,"param":{"paramName":"weight_decay","paramValue":0.0005,"source":"manual","step":null}},"type":"parameter_msg"}
{"payload":{"additional_params":{"assetId":"eeba206b2500401c835378d1c42e2938","context":null,"epoch":null,"extension":"json","fileName":"hyperparameters.json","overwrite":false,"runId":null,"step":null},"clean":true,"file_path":"tmp3i8_miik","local_timestamp":1731391992565,"message_id":119,"metadata":{"type":"hyp-config-file"},"upload_type":"asset"},"type":"file_upload"}
{"payload":{"additional_params":{"assetId":"b81cd989acd5410492e094d595c17fe1","context":null,"extension":"yaml","fileName":"opt.yaml","overwrite":false,"runId":null,"step":null},"clean":true,"file_path":"tmp6u8l4y85","local_timestamp":1731391992571,"message_id":120,"metadata":{"type":"opt-config-file"},"upload_type":"asset"},"type":"file_upload"}
{"payload":{"local_timestamp":1731391992571,"message_id":121,"param":{"paramName":"val_conf_threshold","paramValue":0.001,"source":"manual","step":null}},"type":"parameter_msg"}
{"payload":{"local_timestamp":1731391992571,"message_id":122,"param":{"paramName":"val_iou_threshold","paramValue":0.6,"source":"manual","step":null}},"type":"parameter_msg"}
{"payload":{"key":"comet_mode","message_id":123,"value":"online"},"type":"log_other"}
{"payload":{"key":"comet_max_image_uploads","message_id":124,"value":100},"type":"log_other"}
{"payload":{"key":"comet_log_per_class_metrics","message_id":125,"value":false},"type":"log_other"}
{"payload":{"key":"comet_log_batch_metrics","message_id":126,"value":false},"type":"log_other"}
{"payload":{"key":"comet_log_confusion_matrix","message_id":127,"value":true},"type":"log_other"}
{"payload":{"key":"comet_model_name","message_id":128,"value":"yolov5"},"type":"log_other"}
{"payload":{"local_timestamp":1731391992601,"message_id":129,"output":"Overriding model.yaml nc=80 with nc=5\n","stderr":true},"type":"standard_output"}
{"payload":{"local_timestamp":1731391992601,"message_id":130,"output":"\n                 from  n    params  module                                  arguments                     \n","stderr":true},"type":"standard_output"}
{"payload":{"local_timestamp":1731391992604,"message_id":131,"output":"  0                -1  1      3520  models.common.Conv                      [3, 32, 6, 2, 2]              \n","stderr":true},"type":"standard_output"}
{"payload":{"local_timestamp":1731391992604,"message_id":132,"output":"  1                -1  1     18560  models.common.Conv                      [32, 64, 3, 2]                \n","stderr":true},"type":"standard_output"}
{"payload":{"local_timestamp":1731391992605,"message_id":133,"output":"  2                -1  1     18816  models.common.C3                        [64, 64, 1]                   \n","stderr":true},"type":"standard_output"}
{"payload":{"local_timestamp":1731391992614,"message_id":134,"output":"  3                -1  1     73984  models.common.Conv                      [64, 128, 3, 2]               \n","stderr":true},"type":"standard_output"}
{"payload":{"local_timestamp":1731391992620,"message_id":135,"output":"  4                -1  2    115712  models.common.C3                        [128, 128, 2]                 \n","stderr":true},"type":"standard_output"}
{"payload":{"local_timestamp":1731391992624,"message_id":136,"output":"  5                -1  1    295424  models.common.Conv                      [128, 256, 3, 2]              \n","stderr":true},"type":"standard_output"}
{"payload":{"local_timestamp":1731391992630,"message_id":137,"output":"  6                -1  3    625152  models.common.C3                        [256, 256, 3]                 \n","stderr":true},"type":"standard_output"}
{"payload":{"local_timestamp":1731391992636,"message_id":138,"output":"  7                -1  1   1180672  models.common.Conv                      [256, 512, 3, 2]              \n","stderr":true},"type":"standard_output"}
{"payload":{"local_timestamp":1731391992643,"message_id":139,"output":"  8                -1  1   1182720  models.common.C3                        [512, 512, 1]                 \n","stderr":true},"type":"standard_output"}
{"payload":{"local_timestamp":1731391992647,"message_id":140,"output":"  9                -1  1    656896  models.common.SPPF                      [512, 512, 5]                 \n","stderr":true},"type":"standard_output"}
{"payload":{"local_timestamp":1731391992649,"message_id":141,"output":" 10                -1  1    131584  models.common.Conv                      [512, 256, 1, 1]              \n","stderr":true},"type":"standard_output"}
{"payload":{"local_timestamp":1731391992649,"message_id":142,"output":" 11                -1  1         0  torch.nn.modules.upsampling.Upsample    [None, 2, 'nearest']          \n","stderr":true},"type":"standard_output"}
{"payload":{"local_timestamp":1731391992649,"message_id":143,"output":" 12           [-1, 6]  1         0  models.common.Concat                    [1]                           \n","stderr":true},"type":"standard_output"}
{"payload":{"local_timestamp":1731391992651,"message_id":144,"output":" 13                -1  1    361984  models.common.C3                        [512, 256, 1, False]          \n","stderr":true},"type":"standard_output"}
{"payload":{"local_timestamp":1731391992654,"message_id":145,"output":" 14                -1  1     33024  models.common.Conv                      [256, 128, 1, 1]              \n","stderr":true},"type":"standard_output"}
{"payload":{"local_timestamp":1731391992655,"message_id":146,"output":" 15                -1  1         0  torch.nn.modules.upsampling.Upsample    [None, 2, 'nearest']          \n","stderr":true},"type":"standard_output"}
{"payload":{"local_timestamp":1731391992655,"message_id":147,"output":" 16           [-1, 4]  1         0  models.common.Concat                    [1]                           \n","stderr":true},"type":"standard_output"}
{"payload":{"local_timestamp":1731391992868,"message_id":148,"metric":{"epoch":null,"metricName":"sys.cpu.percent.avg","metricValue":0.0,"step":null}},"type":"metric_msg"}
{"payload":{"local_timestamp":1731391992869,"message_id":149,"metric":{"epoch":null,"metricName":"sys.ram.total","metricValue":51392667648,"step":null}},"type":"metric_msg"}
{"payload":{"local_timestamp":1731391992869,"message_id":150,"metric":{"epoch":null,"metricName":"sys.ram.used","metricValue":9855475712,"step":null}},"type":"metric_msg"}
{"payload":{"local_timestamp":1731391992869,"message_id":151,"metric":{"epoch":null,"metricName":"sys.ram.available","metricValue":41537191936,"step":null}},"type":"metric_msg"}
{"payload":{"local_timestamp":1731391992869,"message_id":152,"metric":{"epoch":null,"metricName":"sys.ram.percent.used","metricValue":19.2,"step":null}},"type":"metric_msg"}
{"payload":{"local_timestamp":1731391992869,"message_id":153,"metric":{"epoch":null,"metricName":"sys.load.avg","metricValue":0.0,"step":null}},"type":"metric_msg"}
{"payload":{"local_timestamp":1731391992869,"message_id":154,"output":" 17                -1  1     90880  models.common.C3                        [256, 128, 1, False]          \n","stderr":true},"type":"standard_output"}
{"payload":{"local_timestamp":1731391992870,"message_id":155,"output":"\u001b[1;38;5;39mCOMET INFO:\u001b[0m Couldn't find a Git repository in 'C:\\\\Users\\\\TaeSan\\\\Desktop\\\\sang,tae_jetson\\\\Jae\\\\yolov5-master' nor in any parent directory. Set `COMET_GIT_DIRECTORY` if your Git Repository is elsewhere.\n","stderr":true},"type":"standard_output"}
{"payload":{"local_timestamp":1731391992871,"message_id":156,"output":" 18                -1  1    147712  models.common.Conv                      [128, 128, 3, 2]              \n","stderr":true},"type":"standard_output"}
{"payload":{"local_timestamp":1731391992871,"message_id":157,"output":" 19          [-1, 14]  1         0  models.common.Concat                    [1]                           \n","stderr":true},"type":"standard_output"}
{"payload":{"local_timestamp":1731391992874,"message_id":158,"output":" 20                -1  1    296448  models.common.C3                        [256, 256, 1, False]          \n","stderr":true},"type":"standard_output"}
{"payload":{"local_timestamp":1731391992877,"message_id":159,"output":" 21                -1  1    590336  models.common.Conv                      [256, 256, 3, 2]              \n","stderr":true},"type":"standard_output"}
{"payload":{"local_timestamp":1731391992877,"message_id":160,"output":" 22          [-1, 10]  1         0  models.common.Concat                    [1]                           \n","stderr":true},"type":"standard_output"}
{"payload":{"local_timestamp":1731391992883,"message_id":161,"output":" 23                -1  1   1182720  models.common.C3                        [512, 512, 1, False]          \n","stderr":true},"type":"standard_output"}
{"payload":{"local_timestamp":1731391992884,"message_id":162,"output":" 24      [17, 20, 23]  1     26970  models.yolo.Detect                      [5, [[10, 13, 16, 30, 33, 23], [30, 61, 62, 45, 59, 119], [116, 90, 156, 198, 373, 326]], [128, 256, 512]]\n","stderr":true},"type":"standard_output"}
{"payload":{"local_timestamp":1731391992968,"message_id":163,"output":"Model summary: 214 layers, 7033114 parameters, 7033114 gradients, 16.0 GFLOPs\n","stderr":true},"type":"standard_output"}
{"payload":{"local_timestamp":1731391992969,"message_id":164,"output":"\n","stderr":true},"type":"standard_output"}
{"payload":{"local_timestamp":1731391993128,"message_id":165,"output":"Transferred 343/349 items from yolov5s.pt\n","stderr":true},"type":"standard_output"}
{"payload":{"local_timestamp":1731391993196,"message_id":166,"output":"C:\\Users\\TaeSan\\Desktop\\sang,tae_jetson\\Jae\\yolov5-master\\models\\common.py:892: FutureWarning: `torch.cuda.amp.autocast(args...)` is deprecated. Please use `torch.amp.autocast('cuda', args...)` instead.\n  with amp.autocast(autocast):\n","stderr":true},"type":"standard_output"}
{"payload":{"local_timestamp":1731391993492,"message_id":167,"output":"C:\\Users\\TaeSan\\Desktop\\sang,tae_jetson\\Jae\\yolov5-master\\models\\common.py:892: FutureWarning: `torch.cuda.amp.autocast(args...)` is deprecated. Please use `torch.amp.autocast('cuda', args...)` instead.\n  with amp.autocast(autocast):\n","stderr":true},"type":"standard_output"}
{"payload":{"local_timestamp":1731391993622,"message_id":168,"output":"\u001b[34m\u001b[1mAMP: \u001b[0mchecks passed \n","stderr":true},"type":"standard_output"}
{"payload":{"local_timestamp":1731391993624,"message_id":169,"output":"\u001b[34m\u001b[1moptimizer:\u001b[0m SGD(lr=0.01) with parameter groups 57 weight(decay=0.0), 60 weight(decay=0.0005), 60 bias\n","stderr":true},"type":"standard_output"}
{"payload":{"local_timestamp":1731391993748,"message_id":170,"output":"\r\u001b[34m\u001b[1mtrain: \u001b[0mScanning C:\\Users\\TaeSan\\Desktop\\sang,tae_jetson\\Jae\\yolov5-master\\data\\train\\labels.cache... 993 images, 0 backgrounds, 0 corrupt: 100%|\u2588\u2588\u2588\u2588\u2588\u2588\u2588\u2588\u2588\u2588| 993/993 [00:00<?, ?it/s]\u001b[0m","stderr":true},"type":"standard_output"}
{"payload":{"local_timestamp":1731391993748,"message_id":171,"output":"\r\u001b[34m\u001b[1mtrain: \u001b[0mScanning C:\\Users\\TaeSan\\Desktop\\sang,tae_jetson\\Jae\\yolov5-master\\data\\train\\labels.cache... 993 images, 0 backgrounds, 0 corrupt: 100%|\u2588\u2588\u2588\u2588\u2588\u2588\u2588\u2588\u2588\u2588| 993/993 [00:00<?, ?it/s]\u001b[0m","stderr":true},"type":"standard_output"}
{"payload":{"local_timestamp":1731391993749,"message_id":172,"output":"\n","stderr":true},"type":"standard_output"}
{"payload":{"local_timestamp":1731392023124,"message_id":173,"metric":{"epoch":null,"metricName":"sys.gpu.0.gpu_utilization","metricValue":0,"step":null}},"type":"metric_msg"}
{"payload":{"local_timestamp":1731392023124,"message_id":174,"metric":{"epoch":null,"metricName":"sys.gpu.0.power_usage","metricValue":41212,"step":null}},"type":"metric_msg"}
{"payload":{"local_timestamp":1731392023124,"message_id":175,"metric":{"epoch":null,"metricName":"sys.gpu.0.temperature","metricValue":34,"step":null}},"type":"metric_msg"}
{"payload":{"local_timestamp":1731392023124,"message_id":176,"metric":{"epoch":null,"metricName":"sys.gpu.0.memory_utilization","metricValue":1,"step":null}},"type":"metric_msg"}
{"payload":{"local_timestamp":1731392023124,"message_id":177,"metric":{"epoch":null,"metricName":"sys.gpu.0.free_memory","metricValue":7629348864,"step":null}},"type":"metric_msg"}
{"payload":{"local_timestamp":1731392023124,"message_id":178,"metric":{"epoch":null,"metricName":"sys.gpu.0.used_memory","metricValue":960585728,"step":null}},"type":"metric_msg"}
{"payload":{"local_timestamp":1731392023124,"message_id":179,"metric":{"epoch":null,"metricName":"sys.gpu.0.percent.used_memory","metricValue":11.182689666748047,"step":null}},"type":"metric_msg"}
{"payload":{"local_timestamp":1731392023234,"message_id":180,"metric":{"epoch":null,"metricName":"sys.cpu.percent.avg","metricValue":3.7500000000000004,"step":null}},"type":"metric_msg"}
{"payload":{"local_timestamp":1731392023234,"message_id":181,"metric":{"epoch":null,"metricName":"sys.ram.total","metricValue":51392667648,"step":null}},"type":"metric_msg"}
{"payload":{"local_timestamp":1731392023234,"message_id":182,"metric":{"epoch":null,"metricName":"sys.ram.used","metricValue":13704011776,"step":null}},"type":"metric_msg"}
{"payload":{"local_timestamp":1731392023234,"message_id":183,"metric":{"epoch":null,"metricName":"sys.ram.available","metricValue":37688655872,"step":null}},"type":"metric_msg"}
{"payload":{"local_timestamp":1731392023234,"message_id":184,"metric":{"epoch":null,"metricName":"sys.ram.percent.used","metricValue":26.7,"step":null}},"type":"metric_msg"}
{"payload":{"local_timestamp":1731392023234,"message_id":185,"metric":{"epoch":null,"metricName":"sys.load.avg","metricValue":0.06,"step":null}},"type":"metric_msg"}
{"payload":{"local_timestamp":1731392023343,"message_id":186,"metric":{"epoch":null,"metricName":"sys.network.send_bps","metricValue":658,"step":null}},"type":"metric_msg"}
{"payload":{"local_timestamp":1731392023343,"message_id":187,"metric":{"epoch":null,"metricName":"sys.network.receive_bps","metricValue":1409,"step":null}},"type":"metric_msg"}
{"payload":{"local_timestamp":1731392023450,"message_id":188,"metric":{"epoch":null,"metricName":"sys.disk.read_bps","metricValue":86190.6392574554,"step":null}},"type":"metric_msg"}
{"payload":{"local_timestamp":1731392023450,"message_id":189,"metric":{"epoch":null,"metricName":"sys.disk.write_bps","metricValue":690334.4158367086,"step":null}},"type":"metric_msg"}
{"payload":{"local_timestamp":1731392039103,"message_id":190,"output":"\r\u001b[34m\u001b[1mval: \u001b[0mScanning C:\\Users\\TaeSan\\Desktop\\sang,tae_jetson\\Jae\\yolov5-master\\data\\valid\\labels.cache... 94 images, 0 backgrounds, 0 corrupt: 100%|\u2588\u2588\u2588\u2588\u2588\u2588\u2588\u2588\u2588\u2588| 94/94 [00:00<?, ?it/s]\u001b[0m","stderr":true},"type":"standard_output"}
{"payload":{"local_timestamp":1731392039104,"message_id":191,"output":"\r\u001b[34m\u001b[1mval: \u001b[0mScanning C:\\Users\\TaeSan\\Desktop\\sang,tae_jetson\\Jae\\yolov5-master\\data\\valid\\labels.cache... 94 images, 0 backgrounds, 0 corrupt: 100%|\u2588\u2588\u2588\u2588\u2588\u2588\u2588\u2588\u2588\u2588| 94/94 [00:00<?, ?it/s]\u001b[0m","stderr":true},"type":"standard_output"}
{"payload":{"local_timestamp":1731392039104,"message_id":192,"output":"\n","stderr":true},"type":"standard_output"}
{"payload":{"local_timestamp":1731392053567,"message_id":193,"metric":{"epoch":null,"metricName":"sys.gpu.0.gpu_utilization","metricValue":0,"step":null}},"type":"metric_msg"}
{"payload":{"local_timestamp":1731392053567,"message_id":194,"metric":{"epoch":null,"metricName":"sys.gpu.0.power_usage","metricValue":41246,"step":null}},"type":"metric_msg"}
{"payload":{"local_timestamp":1731392053567,"message_id":195,"metric":{"epoch":null,"metricName":"sys.gpu.0.temperature","metricValue":34,"step":null}},"type":"metric_msg"}
{"payload":{"local_timestamp":1731392053567,"message_id":196,"metric":{"epoch":null,"metricName":"sys.gpu.0.memory_utilization","metricValue":1,"step":null}},"type":"metric_msg"}
{"payload":{"local_timestamp":1731392053567,"message_id":197,"metric":{"epoch":null,"metricName":"sys.gpu.0.free_memory","metricValue":7630258176,"step":null}},"type":"metric_msg"}
{"payload":{"local_timestamp":1731392053567,"message_id":198,"metric":{"epoch":null,"metricName":"sys.gpu.0.used_memory","metricValue":959676416,"step":null}},"type":"metric_msg"}
{"payload":{"local_timestamp":1731392053567,"message_id":199,"metric":{"epoch":null,"metricName":"sys.gpu.0.percent.used_memory","metricValue":11.172103881835938,"step":null}},"type":"metric_msg"}
{"payload":{"local_timestamp":1731392053673,"message_id":200,"metric":{"epoch":null,"metricName":"sys.cpu.percent.avg","metricValue":10.358333333333334,"step":null}},"type":"metric_msg"}
{"payload":{"local_timestamp":1731392053673,"message_id":201,"metric":{"epoch":null,"metricName":"sys.ram.total","metricValue":51392667648,"step":null}},"type":"metric_msg"}
{"payload":{"local_timestamp":1731392053673,"message_id":202,"metric":{"epoch":null,"metricName":"sys.ram.used","metricValue":19381559296,"step":null}},"type":"metric_msg"}
{"payload":{"local_timestamp":1731392053673,"message_id":203,"metric":{"epoch":null,"metricName":"sys.ram.available","metricValue":32011108352,"step":null}},"type":"metric_msg"}
{"payload":{"local_timestamp":1731392053673,"message_id":204,"metric":{"epoch":null,"metricName":"sys.ram.percent.used","metricValue":37.7,"step":null}},"type":"metric_msg"}
{"payload":{"local_timestamp":1731392053673,"message_id":205,"metric":{"epoch":null,"metricName":"sys.load.avg","metricValue":0.4,"step":null}},"type":"metric_msg"}
{"payload":{"local_timestamp":1731392053782,"message_id":206,"metric":{"epoch":null,"metricName":"sys.network.send_bps","metricValue":817,"step":null}},"type":"metric_msg"}
{"payload":{"local_timestamp":1731392053782,"message_id":207,"metric":{"epoch":null,"metricName":"sys.network.receive_bps","metricValue":1510,"step":null}},"type":"metric_msg"}
{"payload":{"local_timestamp":1731392053889,"message_id":208,"metric":{"epoch":null,"metricName":"sys.disk.read_bps","metricValue":2422.203966353949,"step":null}},"type":"metric_msg"}
{"payload":{"local_timestamp":1731392053889,"message_id":209,"metric":{"epoch":null,"metricName":"sys.disk.write_bps","metricValue":728141.425663401,"step":null}},"type":"metric_msg"}
{"payload":{"local_timestamp":1731392083953,"message_id":210,"metric":{"epoch":null,"metricName":"sys.gpu.0.gpu_utilization","metricValue":1,"step":null}},"type":"metric_msg"}
{"payload":{"local_timestamp":1731392083953,"message_id":211,"metric":{"epoch":null,"metricName":"sys.gpu.0.power_usage","metricValue":40799,"step":null}},"type":"metric_msg"}
{"payload":{"local_timestamp":1731392083953,"message_id":212,"metric":{"epoch":null,"metricName":"sys.gpu.0.temperature","metricValue":33,"step":null}},"type":"metric_msg"}
{"payload":{"local_timestamp":1731392083953,"message_id":213,"metric":{"epoch":null,"metricName":"sys.gpu.0.memory_utilization","metricValue":1,"step":null}},"type":"metric_msg"}
{"payload":{"local_timestamp":1731392083953,"message_id":214,"metric":{"epoch":null,"metricName":"sys.gpu.0.free_memory","metricValue":7635959808,"step":null}},"type":"metric_msg"}
{"payload":{"local_timestamp":1731392083953,"message_id":215,"metric":{"epoch":null,"metricName":"sys.gpu.0.used_memory","metricValue":953974784,"step":null}},"type":"metric_msg"}
{"payload":{"local_timestamp":1731392083953,"message_id":216,"metric":{"epoch":null,"metricName":"sys.gpu.0.percent.used_memory","metricValue":11.105728149414062,"step":null}},"type":"metric_msg"}
{"payload":{"local_timestamp":1731392084057,"message_id":217,"metric":{"epoch":null,"metricName":"sys.cpu.percent.avg","metricValue":3.566666666666666,"step":null}},"type":"metric_msg"}
{"payload":{"local_timestamp":1731392084057,"message_id":218,"metric":{"epoch":null,"metricName":"sys.ram.total","metricValue":51392667648,"step":null}},"type":"metric_msg"}
{"payload":{"local_timestamp":1731392084057,"message_id":219,"metric":{"epoch":null,"metricName":"sys.ram.used","metricValue":22116425728,"step":null}},"type":"metric_msg"}
{"payload":{"local_timestamp":1731392084057,"message_id":220,"metric":{"epoch":null,"metricName":"sys.ram.available","metricValue":29276241920,"step":null}},"type":"metric_msg"}
{"payload":{"local_timestamp":1731392084057,"message_id":221,"metric":{"epoch":null,"metricName":"sys.ram.percent.used","metricValue":43.0,"step":null}},"type":"metric_msg"}
{"payload":{"local_timestamp":1731392084057,"message_id":222,"metric":{"epoch":null,"metricName":"sys.load.avg","metricValue":0.63,"step":null}},"type":"metric_msg"}
{"payload":{"local_timestamp":1731392084165,"message_id":223,"metric":{"epoch":null,"metricName":"sys.network.send_bps","metricValue":1247,"step":null}},"type":"metric_msg"}
{"payload":{"local_timestamp":1731392084165,"message_id":224,"metric":{"epoch":null,"metricName":"sys.network.receive_bps","metricValue":1510,"step":null}},"type":"metric_msg"}
{"payload":{"local_timestamp":1731392084274,"message_id":225,"metric":{"epoch":null,"metricName":"sys.disk.read_bps","metricValue":53515.759048302556,"step":null}},"type":"metric_msg"}
{"payload":{"local_timestamp":1731392084274,"message_id":226,"metric":{"epoch":null,"metricName":"sys.disk.write_bps","metricValue":683303.230770392,"step":null}},"type":"metric_msg"}
{"payload":{"local_timestamp":1731392114296,"message_id":227,"metric":{"epoch":null,"metricName":"sys.gpu.0.gpu_utilization","metricValue":3,"step":null}},"type":"metric_msg"}
{"payload":{"local_timestamp":1731392114297,"message_id":228,"metric":{"epoch":null,"metricName":"sys.gpu.0.power_usage","metricValue":41121,"step":null}},"type":"metric_msg"}
{"payload":{"local_timestamp":1731392114297,"message_id":229,"metric":{"epoch":null,"metricName":"sys.gpu.0.temperature","metricValue":33,"step":null}},"type":"metric_msg"}
{"payload":{"local_timestamp":1731392114297,"message_id":230,"metric":{"epoch":null,"metricName":"sys.gpu.0.memory_utilization","metricValue":1,"step":null}},"type":"metric_msg"}
{"payload":{"local_timestamp":1731392114297,"message_id":231,"metric":{"epoch":null,"metricName":"sys.gpu.0.free_memory","metricValue":7632363520,"step":null}},"type":"metric_msg"}
{"payload":{"local_timestamp":1731392114297,"message_id":232,"metric":{"epoch":null,"metricName":"sys.gpu.0.used_memory","metricValue":957571072,"step":null}},"type":"metric_msg"}
{"payload":{"local_timestamp":1731392114297,"message_id":233,"metric":{"epoch":null,"metricName":"sys.gpu.0.percent.used_memory","metricValue":11.147594451904297,"step":null}},"type":"metric_msg"}
{"payload":{"local_timestamp":1731392114407,"message_id":234,"metric":{"epoch":null,"metricName":"sys.cpu.percent.avg","metricValue":2.6583333333333337,"step":null}},"type":"metric_msg"}
{"payload":{"local_timestamp":1731392114408,"message_id":235,"metric":{"epoch":null,"metricName":"sys.ram.total","metricValue":51392667648,"step":null}},"type":"metric_msg"}
{"payload":{"local_timestamp":1731392114408,"message_id":236,"metric":{"epoch":null,"metricName":"sys.ram.used","metricValue":24716087296,"step":null}},"type":"metric_msg"}
{"payload":{"local_timestamp":1731392114408,"message_id":237,"metric":{"epoch":null,"metricName":"sys.ram.available","metricValue":26676580352,"step":null}},"type":"metric_msg"}
{"payload":{"local_timestamp":1731392114408,"message_id":238,"metric":{"epoch":null,"metricName":"sys.ram.percent.used","metricValue":48.1,"step":null}},"type":"metric_msg"}
{"payload":{"local_timestamp":1731392114408,"message_id":239,"metric":{"epoch":null,"metricName":"sys.load.avg","metricValue":0.38,"step":null}},"type":"metric_msg"}
{"payload":{"local_timestamp":1731392114516,"message_id":240,"metric":{"epoch":null,"metricName":"sys.network.send_bps","metricValue":2452,"step":null}},"type":"metric_msg"}
{"payload":{"local_timestamp":1731392114517,"message_id":241,"metric":{"epoch":null,"metricName":"sys.network.receive_bps","metricValue":2020,"step":null}},"type":"metric_msg"}
{"payload":{"local_timestamp":1731392114625,"message_id":242,"metric":{"epoch":null,"metricName":"sys.disk.read_bps","metricValue":17223.861591902518,"step":null}},"type":"metric_msg"}
{"payload":{"local_timestamp":1731392114625,"message_id":243,"metric":{"epoch":null,"metricName":"sys.disk.write_bps","metricValue":703394.8412693118,"step":null}},"type":"metric_msg"}
{"payload":{"local_timestamp":1731392115439,"message_id":244,"output":"\n\u001b[34m\u001b[1mAutoAnchor: \u001b[0m3.38 anchors/target, 1.000 Best Possible Recall (BPR). Current anchors are a good fit to dataset \n","stderr":true},"type":"standard_output"}
{"payload":{"local_timestamp":1731392115452,"message_id":245,"output":"Plotting labels to runs\\train\\exp\\labels.jpg... \n","stderr":true},"type":"standard_output"}
{"payload":{"additional_params":{"assetId":"4f93c7e1935c419e966cc2ea5015a23c","context":null,"extension":"jpg","fileName":"labels.jpg","overwrite":false,"runId":null,"step":null},"clean":true,"file_path":"tmp2htgr1hz","local_timestamp":1731392119384,"message_id":246,"metadata":{},"upload_type":"asset"},"type":"file_upload"}
{"payload":{"additional_params":{"assetId":"71c550c4947944bf86d3e87a9a39d3cb","context":null,"extension":"jpg","fileName":"labels_correlogram.jpg","overwrite":false,"runId":null,"step":null},"clean":true,"file_path":"tmp9fmi3u50","local_timestamp":1731392119389,"message_id":247,"metadata":{},"upload_type":"asset"},"type":"file_upload"}
{"payload":{"local_timestamp":1731392119391,"message_id":248,"output":"train.py:355: FutureWarning: `torch.cuda.amp.GradScaler(args...)` is deprecated. Please use `torch.amp.GradScaler('cuda', args...)` instead.\n  scaler = torch.cuda.amp.GradScaler(enabled=amp)\n","stderr":true},"type":"standard_output"}
{"payload":{"local_timestamp":1731392119391,"message_id":249,"param":{"paramName":"cls","paramValue":0.03125,"source":"manual","step":null}},"type":"parameter_msg"}
{"payload":{"local_timestamp":1731392119392,"message_id":250,"param":{"paramName":"obj","paramValue":2.5600000000000005,"source":"manual","step":null}},"type":"parameter_msg"}
{"payload":{"local_timestamp":1731392119392,"message_id":251,"output":"Image sizes 1024 train, 1024 val\nUsing 8 dataloader workers\nLogging results to \u001b[1mruns\\train\\exp\u001b[0m\nStarting training for 100 epochs...\n","stderr":true},"type":"standard_output"}
{"payload":{"local_timestamp":1731392119393,"message_id":252,"output":"\n      Epoch    GPU_mem   box_loss   obj_loss   cls_loss  Instances       Size\n","stderr":true},"type":"standard_output"}
{"payload":{"local_timestamp":1731392119393,"message_id":253,"output":"\r  0%|          | 0/32 [00:00<?, ?it/s]","stderr":true},"type":"standard_output"}
{"payload":{"local_timestamp":1731392119399,"message_id":254,"output":"train.py:412: FutureWarning: `torch.cuda.amp.autocast(args...)` is deprecated. Please use `torch.amp.autocast('cuda', args...)` instead.\n  with torch.cuda.amp.autocast(amp):\n","stderr":true},"type":"standard_output"}
{"payload":{"local_timestamp":1731392144770,"message_id":255,"metric":{"epoch":null,"metricName":"sys.gpu.0.gpu_utilization","metricValue":100,"step":null}},"type":"metric_msg"}
{"payload":{"local_timestamp":1731392144770,"message_id":256,"metric":{"epoch":null,"metricName":"sys.gpu.0.power_usage","metricValue":68119,"step":null}},"type":"metric_msg"}
{"payload":{"local_timestamp":1731392144770,"message_id":257,"metric":{"epoch":null,"metricName":"sys.gpu.0.temperature","metricValue":36,"step":null}},"type":"metric_msg"}
{"payload":{"local_timestamp":1731392144770,"message_id":258,"metric":{"epoch":null,"metricName":"sys.gpu.0.memory_utilization","metricValue":1,"step":null}},"type":"metric_msg"}
{"payload":{"local_timestamp":1731392144770,"message_id":259,"metric":{"epoch":null,"metricName":"sys.gpu.0.free_memory","metricValue":146296832,"step":null}},"type":"metric_msg"}
{"payload":{"local_timestamp":1731392144770,"message_id":260,"metric":{"epoch":null,"metricName":"sys.gpu.0.used_memory","metricValue":8443637760,"step":null}},"type":"metric_msg"}
{"payload":{"local_timestamp":1731392144770,"message_id":261,"metric":{"epoch":null,"metricName":"sys.gpu.0.percent.used_memory","metricValue":98.2968807220459,"step":null}},"type":"metric_msg"}
{"payload":{"local_timestamp":1731392144883,"message_id":262,"metric":{"epoch":null,"metricName":"sys.cpu.percent.avg","metricValue":13.116666666666667,"step":null}},"type":"metric_msg"}
{"payload":{"local_timestamp":1731392144883,"message_id":263,"metric":{"epoch":null,"metricName":"sys.ram.total","metricValue":51392667648,"step":null}},"type":"metric_msg"}
{"payload":{"local_timestamp":1731392144883,"message_id":264,"metric":{"epoch":null,"metricName":"sys.ram.used","metricValue":38515859456,"step":null}},"type":"metric_msg"}
{"payload":{"local_timestamp":1731392144883,"message_id":265,"metric":{"epoch":null,"metricName":"sys.ram.available","metricValue":12876808192,"step":null}},"type":"metric_msg"}
{"payload":{"local_timestamp":1731392144883,"message_id":266,"metric":{"epoch":null,"metricName":"sys.ram.percent.used","metricValue":74.9,"step":null}},"type":"metric_msg"}
{"payload":{"local_timestamp":1731392144883,"message_id":267,"metric":{"epoch":null,"metricName":"sys.load.avg","metricValue":0.23,"step":null}},"type":"metric_msg"}
{"payload":{"local_timestamp":1731392144989,"message_id":268,"metric":{"epoch":null,"metricName":"sys.network.send_bps","metricValue":1411,"step":null}},"type":"metric_msg"}
{"payload":{"local_timestamp":1731392144989,"message_id":269,"metric":{"epoch":null,"metricName":"sys.network.receive_bps","metricValue":1430,"step":null}},"type":"metric_msg"}
{"payload":{"local_timestamp":1731392145096,"message_id":270,"metric":{"epoch":null,"metricName":"sys.disk.read_bps","metricValue":1132390.5541793641,"step":null}},"type":"metric_msg"}
{"payload":{"local_timestamp":1731392145096,"message_id":271,"metric":{"epoch":null,"metricName":"sys.disk.write_bps","metricValue":3152384.9579843623,"step":null}},"type":"metric_msg"}
{"payload":{"local_timestamp":1731392174032,"message_id":272,"output":"\r  0%|          | 0/32 [00:54<?, ?it/s]","stderr":true},"type":"standard_output"}
{"payload":{"local_timestamp":1731392174032,"message_id":273,"output":"\n","stderr":true},"type":"standard_output"}
{"payload":{"local_timestamp":1731392174032,"message_id":274,"output":"Traceback (most recent call last):\n","stderr":true},"type":"standard_output"}
{"payload":{"local_timestamp":1731392174032,"message_id":275,"output":"  File \"train.py\", line 986, in <module>\n","stderr":true},"type":"standard_output"}
{"payload":{"local_timestamp":1731392174033,"message_id":276,"output":"    ","stderr":true},"type":"standard_output"}
{"payload":{"local_timestamp":1731392174033,"message_id":277,"output":"main(opt)","stderr":true},"type":"standard_output"}
{"payload":{"local_timestamp":1731392174033,"message_id":278,"output":"\n","stderr":true},"type":"standard_output"}
{"payload":{"local_timestamp":1731392174033,"message_id":279,"output":"  File \"train.py\", line 688, in main\n","stderr":true},"type":"standard_output"}
{"payload":{"local_timestamp":1731392174033,"message_id":280,"output":"    ","stderr":true},"type":"standard_output"}
{"payload":{"local_timestamp":1731392174033,"message_id":281,"output":"train(opt.hyp, opt, device, callbacks)","stderr":true},"type":"standard_output"}
{"payload":{"local_timestamp":1731392174033,"message_id":282,"output":"\n","stderr":true},"type":"standard_output"}
{"payload":{"local_timestamp":1731392174033,"message_id":283,"output":"  File \"train.py\", line 421, in train\n","stderr":true},"type":"standard_output"}
{"payload":{"local_timestamp":1731392174033,"message_id":284,"output":"    ","stderr":true},"type":"standard_output"}
{"payload":{"local_timestamp":1731392174033,"message_id":285,"output":"scaler.scale(loss).backward()","stderr":true},"type":"standard_output"}
{"payload":{"local_timestamp":1731392174033,"message_id":286,"output":"\n","stderr":true},"type":"standard_output"}
{"payload":{"local_timestamp":1731392174033,"message_id":287,"output":"  File \"C:\\Users\\TaeSan\\AppData\\Local\\Programs\\Python\\Python38\\lib\\site-packages\\comet_ml\\monkey_patching.py\", line 276, in wrapper\n","stderr":true},"type":"standard_output"}
{"payload":{"local_timestamp":1731392174033,"message_id":288,"output":"    ","stderr":true},"type":"standard_output"}
{"payload":{"local_timestamp":1731392174033,"message_id":289,"output":"return_value = original(*args, **kwargs)","stderr":true},"type":"standard_output"}
{"payload":{"local_timestamp":1731392174035,"message_id":290,"output":"\n","stderr":true},"type":"standard_output"}
{"payload":{"local_timestamp":1731392174035,"message_id":291,"output":"  File \"C:\\Users\\TaeSan\\AppData\\Local\\Programs\\Python\\Python38\\lib\\site-packages\\torch\\_tensor.py\", line 521, in backward\n","stderr":true},"type":"standard_output"}
{"payload":{"local_timestamp":1731392174046,"message_id":292,"output":"    ","stderr":true},"type":"standard_output"}
{"payload":{"local_timestamp":1731392174046,"message_id":293,"output":"torch.autograd.backward(","stderr":true},"type":"standard_output"}
{"payload":{"local_timestamp":1731392174047,"message_id":294,"output":"\n","stderr":true},"type":"standard_output"}
{"payload":{"local_timestamp":1731392174047,"message_id":295,"output":"  File \"C:\\Users\\TaeSan\\AppData\\Local\\Programs\\Python\\Python38\\lib\\site-packages\\torch\\autograd\\__init__.py\", line 289, in backward\n","stderr":true},"type":"standard_output"}
{"payload":{"local_timestamp":1731392174059,"message_id":296,"output":"    ","stderr":true},"type":"standard_output"}
{"payload":{"local_timestamp":1731392174059,"message_id":297,"output":"_engine_run_backward(","stderr":true},"type":"standard_output"}
{"payload":{"local_timestamp":1731392174059,"message_id":298,"output":"\n","stderr":true},"type":"standard_output"}
{"payload":{"local_timestamp":1731392174059,"message_id":299,"output":"  File \"C:\\Users\\TaeSan\\AppData\\Local\\Programs\\Python\\Python38\\lib\\site-packages\\torch\\autograd\\graph.py\", line 769, in _engine_run_backward\n","stderr":true},"type":"standard_output"}
{"payload":{"local_timestamp":1731392174067,"message_id":300,"output":"    ","stderr":true},"type":"standard_output"}
{"payload":{"local_timestamp":1731392174067,"message_id":301,"output":"return Variable._execution_engine.run_backward(  # Calls into the C++ engine to run the backward pass","stderr":true},"type":"standard_output"}
{"payload":{"local_timestamp":1731392174067,"message_id":302,"output":"\n","stderr":true},"type":"standard_output"}
{"payload":{"local_timestamp":1731392174067,"message_id":303,"output":"KeyboardInterrupt","stderr":true},"type":"standard_output"}
{"payload":{"local_timestamp":1731392174067,"message_id":304,"output":"\n","stderr":true},"type":"standard_output"}
{"payload":{"local_timestamp":1731392174067,"message_id":305,"output":"\u001b[1;38;5;39mCOMET INFO:\u001b[0m ---------------------------------------------------------------------------------------\n","stderr":true},"type":"standard_output"}
{"payload":{"local_timestamp":1731392174067,"message_id":306,"output":"\u001b[1;38;5;39mCOMET INFO:\u001b[0m Comet.ml OfflineExperiment Summary\n","stderr":true},"type":"standard_output"}
{"payload":{"local_timestamp":1731392174068,"message_id":307,"output":"\u001b[1;38;5;39mCOMET INFO:\u001b[0m ---------------------------------------------------------------------------------------\n","stderr":true},"type":"standard_output"}
{"payload":{"local_timestamp":1731392174068,"message_id":308,"output":"\u001b[1;38;5;39mCOMET INFO:\u001b[0m   Data:\n","stderr":true},"type":"standard_output"}
{"payload":{"local_timestamp":1731392174068,"message_id":309,"output":"\u001b[1;38;5;39mCOMET INFO:\u001b[0m     display_summary_level : 1\n","stderr":true},"type":"standard_output"}
{"payload":{"local_timestamp":1731392174068,"message_id":310,"output":"\u001b[1;38;5;39mCOMET INFO:\u001b[0m     name                  : exp\n","stderr":true},"type":"standard_output"}
{"payload":{"local_timestamp":1731392174068,"message_id":311,"output":"\u001b[1;38;5;39mCOMET INFO:\u001b[0m     url                   : [OfflineExperiment will get URL after upload]\n","stderr":true},"type":"standard_output"}
{"payload":{"local_timestamp":1731392174068,"message_id":312,"output":"\u001b[1;38;5;39mCOMET INFO:\u001b[0m   Others:\n","stderr":true},"type":"standard_output"}
{"payload":{"local_timestamp":1731392174069,"message_id":313,"output":"\u001b[1;38;5;39mCOMET INFO:\u001b[0m     Created from                : YOLOv5\n","stderr":true},"type":"standard_output"}
{"payload":{"local_timestamp":1731392174069,"message_id":314,"output":"\u001b[1;38;5;39mCOMET INFO:\u001b[0m     Name                        : exp\n","stderr":true},"type":"standard_output"}
{"payload":{"local_timestamp":1731392174069,"message_id":315,"output":"\u001b[1;38;5;39mCOMET INFO:\u001b[0m     comet_log_batch_metrics     : False\n","stderr":true},"type":"standard_output"}
{"payload":{"local_timestamp":1731392174069,"message_id":316,"output":"\u001b[1;38;5;39mCOMET INFO:\u001b[0m     comet_log_confusion_matrix  : True\n","stderr":true},"type":"standard_output"}
{"payload":{"local_timestamp":1731392174070,"message_id":317,"output":"\u001b[1;38;5;39mCOMET INFO:\u001b[0m     comet_log_per_class_metrics : False\n","stderr":true},"type":"standard_output"}
{"payload":{"local_timestamp":1731392174070,"message_id":318,"output":"\u001b[1;38;5;39mCOMET INFO:\u001b[0m     comet_max_image_uploads     : 100\n","stderr":true},"type":"standard_output"}
{"payload":{"local_timestamp":1731392174070,"message_id":319,"output":"\u001b[1;38;5;39mCOMET INFO:\u001b[0m     comet_mode                  : online\n","stderr":true},"type":"standard_output"}
{"payload":{"local_timestamp":1731392174071,"message_id":320,"output":"\u001b[1;38;5;39mCOMET INFO:\u001b[0m     comet_model_name            : yolov5\n","stderr":true},"type":"standard_output"}
{"payload":{"local_timestamp":1731392174071,"message_id":321,"output":"\u001b[1;38;5;39mCOMET INFO:\u001b[0m     hasNestedParams             : True\n","stderr":true},"type":"standard_output"}
{"payload":{"local_timestamp":1731392174072,"message_id":322,"output":"\u001b[1;38;5;39mCOMET INFO:\u001b[0m     offline_experiment          : True\n","stderr":true},"type":"standard_output"}
{"payload":{"local_timestamp":1731392174072,"message_id":323,"output":"\u001b[1;38;5;39mCOMET INFO:\u001b[0m   Parameters:\n","stderr":true},"type":"standard_output"}
{"payload":{"local_timestamp":1731392174072,"message_id":324,"output":"\u001b[1;38;5;39mCOMET INFO:\u001b[0m     anchor_t            : 4.0\n","stderr":true},"type":"standard_output"}
{"payload":{"local_timestamp":1731392174072,"message_id":325,"output":"\u001b[1;38;5;39mCOMET INFO:\u001b[0m     artifact_alias      : latest\n","stderr":true},"type":"standard_output"}
{"payload":{"local_timestamp":1731392174072,"message_id":326,"output":"\u001b[1;38;5;39mCOMET INFO:\u001b[0m     batch_size          : 32\n","stderr":true},"type":"standard_output"}
{"payload":{"local_timestamp":1731392174073,"message_id":327,"output":"\u001b[1;38;5;39mCOMET INFO:\u001b[0m     bbox_interval       : -1\n","stderr":true},"type":"standard_output"}
{"payload":{"local_timestamp":1731392174073,"message_id":328,"output":"\u001b[1;38;5;39mCOMET INFO:\u001b[0m     box                 : 0.05\n","stderr":true},"type":"standard_output"}
{"payload":{"local_timestamp":1731392174073,"message_id":329,"output":"\u001b[1;38;5;39mCOMET INFO:\u001b[0m     bucket              : \n","stderr":true},"type":"standard_output"}
{"payload":{"local_timestamp":1731392174073,"message_id":330,"output":"\u001b[1;38;5;39mCOMET INFO:\u001b[0m     cache               : None\n","stderr":true},"type":"standard_output"}
{"payload":{"local_timestamp":1731392174073,"message_id":331,"output":"\u001b[1;38;5;39mCOMET INFO:\u001b[0m     cfg                 : \n","stderr":true},"type":"standard_output"}
{"payload":{"local_timestamp":1731392174073,"message_id":332,"output":"\u001b[1;38;5;39mCOMET INFO:\u001b[0m     cls                 : 0.03125\n","stderr":true},"type":"standard_output"}
{"payload":{"local_timestamp":1731392174074,"message_id":333,"output":"\u001b[1;38;5;39mCOMET INFO:\u001b[0m     cls_pw              : 1.0\n","stderr":true},"type":"standard_output"}
{"payload":{"local_timestamp":1731392174074,"message_id":334,"output":"\u001b[1;38;5;39mCOMET INFO:\u001b[0m     copy_paste          : 0.0\n","stderr":true},"type":"standard_output"}
{"payload":{"local_timestamp":1731392174074,"message_id":335,"output":"\u001b[1;38;5;39mCOMET INFO:\u001b[0m     cos_lr              : False\n","stderr":true},"type":"standard_output"}
{"payload":{"local_timestamp":1731392174074,"message_id":336,"output":"\u001b[1;38;5;39mCOMET INFO:\u001b[0m     degrees             : 0.0\n","stderr":true},"type":"standard_output"}
{"payload":{"local_timestamp":1731392174074,"message_id":337,"output":"\u001b[1;38;5;39mCOMET INFO:\u001b[0m     entity              : None\n","stderr":true},"type":"standard_output"}
{"payload":{"local_timestamp":1731392174075,"message_id":338,"output":"\u001b[1;38;5;39mCOMET INFO:\u001b[0m     evolve              : None\n","stderr":true},"type":"standard_output"}
{"payload":{"local_timestamp":1731392174075,"message_id":339,"output":"\u001b[1;38;5;39mCOMET INFO:\u001b[0m     evolve_population   : data\\hyps\n","stderr":true},"type":"standard_output"}
{"payload":{"local_timestamp":1731392174075,"message_id":340,"output":"\u001b[1;38;5;39mCOMET INFO:\u001b[0m     exist_ok            : False\n","stderr":true},"type":"standard_output"}
{"payload":{"local_timestamp":1731392174075,"message_id":341,"output":"\u001b[1;38;5;39mCOMET INFO:\u001b[0m     fl_gamma            : 0.0\n","stderr":true},"type":"standard_output"}
{"payload":{"local_timestamp":1731392174075,"message_id":342,"output":"\u001b[1;38;5;39mCOMET INFO:\u001b[0m     fliplr              : 0.5\n","stderr":true},"type":"standard_output"}
{"payload":{"local_timestamp":1731392174075,"message_id":343,"output":"\u001b[1;38;5;39mCOMET INFO:\u001b[0m     flipud              : 0.0\n","stderr":true},"type":"standard_output"}
{"payload":{"local_timestamp":1731392174076,"message_id":344,"output":"\u001b[1;38;5;39mCOMET INFO:\u001b[0m     freeze              : [0]\n","stderr":true},"type":"standard_output"}
{"payload":{"local_timestamp":1731392174076,"message_id":345,"output":"\u001b[1;38;5;39mCOMET INFO:\u001b[0m     hsv_h               : 0.015\n","stderr":true},"type":"standard_output"}
{"payload":{"local_timestamp":1731392174076,"message_id":346,"output":"\u001b[1;38;5;39mCOMET INFO:\u001b[0m     hsv_s               : 0.7\n","stderr":true},"type":"standard_output"}
{"payload":{"local_timestamp":1731392174076,"message_id":347,"output":"\u001b[1;38;5;39mCOMET INFO:\u001b[0m     hsv_v               : 0.4\n","stderr":true},"type":"standard_output"}
{"payload":{"local_timestamp":1731392174076,"message_id":348,"output":"\u001b[1;38;5;39mCOMET INFO:\u001b[0m     hyp|anchor_t        : 4.0\n","stderr":true},"type":"standard_output"}
{"payload":{"local_timestamp":1731392174076,"message_id":349,"output":"\u001b[1;38;5;39mCOMET INFO:\u001b[0m     hyp|box             : 0.05\n","stderr":true},"type":"standard_output"}
{"payload":{"local_timestamp":1731392174078,"message_id":350,"output":"\u001b[1;38;5;39mCOMET INFO:\u001b[0m     hyp|cls             : 0.5\n","stderr":true},"type":"standard_output"}
{"payload":{"local_timestamp":1731392174078,"message_id":351,"output":"\u001b[1;38;5;39mCOMET INFO:\u001b[0m     hyp|cls_pw          : 1.0\n","stderr":true},"type":"standard_output"}
{"payload":{"local_timestamp":1731392174078,"message_id":352,"output":"\u001b[1;38;5;39mCOMET INFO:\u001b[0m     hyp|copy_paste      : 0.0\n","stderr":true},"type":"standard_output"}
{"payload":{"local_timestamp":1731392174078,"message_id":353,"output":"\u001b[1;38;5;39mCOMET INFO:\u001b[0m     hyp|degrees         : 0.0\n","stderr":true},"type":"standard_output"}
{"payload":{"local_timestamp":1731392174078,"message_id":354,"output":"\u001b[1;38;5;39mCOMET INFO:\u001b[0m     hyp|fl_gamma        : 0.0\n","stderr":true},"type":"standard_output"}
{"payload":{"local_timestamp":1731392174078,"message_id":355,"output":"\u001b[1;38;5;39mCOMET INFO:\u001b[0m     hyp|fliplr          : 0.5\n","stderr":true},"type":"standard_output"}
{"payload":{"local_timestamp":1731392174079,"message_id":356,"output":"\u001b[1;38;5;39mCOMET INFO:\u001b[0m     hyp|flipud          : 0.0\n","stderr":true},"type":"standard_output"}
{"payload":{"local_timestamp":1731392174079,"message_id":357,"output":"\u001b[1;38;5;39mCOMET INFO:\u001b[0m     hyp|hsv_h           : 0.015\n","stderr":true},"type":"standard_output"}
{"payload":{"local_timestamp":1731392174079,"message_id":358,"output":"\u001b[1;38;5;39mCOMET INFO:\u001b[0m     hyp|hsv_s           : 0.7\n","stderr":true},"type":"standard_output"}
{"payload":{"local_timestamp":1731392174079,"message_id":359,"output":"\u001b[1;38;5;39mCOMET INFO:\u001b[0m     hyp|hsv_v           : 0.4\n","stderr":true},"type":"standard_output"}
{"payload":{"local_timestamp":1731392174079,"message_id":360,"output":"\u001b[1;38;5;39mCOMET INFO:\u001b[0m     hyp|iou_t           : 0.2\n","stderr":true},"type":"standard_output"}
{"payload":{"local_timestamp":1731392174079,"message_id":361,"output":"\u001b[1;38;5;39mCOMET INFO:\u001b[0m     hyp|lr0             : 0.01\n","stderr":true},"type":"standard_output"}
{"payload":{"local_timestamp":1731392174080,"message_id":362,"output":"\u001b[1;38;5;39mCOMET INFO:\u001b[0m     hyp|lrf             : 0.01\n","stderr":true},"type":"standard_output"}
{"payload":{"local_timestamp":1731392174080,"message_id":363,"output":"\u001b[1;38;5;39mCOMET INFO:\u001b[0m     hyp|mixup           : 0.0\n","stderr":true},"type":"standard_output"}
{"payload":{"local_timestamp":1731392174081,"message_id":364,"output":"\u001b[1;38;5;39mCOMET INFO:\u001b[0m     hyp|momentum        : 0.937\n","stderr":true},"type":"standard_output"}
{"payload":{"local_timestamp":1731392174081,"message_id":365,"output":"\u001b[1;38;5;39mCOMET INFO:\u001b[0m     hyp|mosaic          : 1.0\n","stderr":true},"type":"standard_output"}
{"payload":{"local_timestamp":1731392174081,"message_id":366,"output":"\u001b[1;38;5;39mCOMET INFO:\u001b[0m     hyp|obj             : 1.0\n","stderr":true},"type":"standard_output"}
{"payload":{"local_timestamp":1731392174081,"message_id":367,"output":"\u001b[1;38;5;39mCOMET INFO:\u001b[0m     hyp|obj_pw          : 1.0\n","stderr":true},"type":"standard_output"}
{"payload":{"local_timestamp":1731392174081,"message_id":368,"output":"\u001b[1;38;5;39mCOMET INFO:\u001b[0m     hyp|perspective     : 0.0\n","stderr":true},"type":"standard_output"}
{"payload":{"local_timestamp":1731392174082,"message_id":369,"output":"\u001b[1;38;5;39mCOMET INFO:\u001b[0m     hyp|scale           : 0.5\n","stderr":true},"type":"standard_output"}
{"payload":{"local_timestamp":1731392174082,"message_id":370,"output":"\u001b[1;38;5;39mCOMET INFO:\u001b[0m     hyp|shear           : 0.0\n","stderr":true},"type":"standard_output"}
{"payload":{"local_timestamp":1731392174082,"message_id":371,"output":"\u001b[1;38;5;39mCOMET INFO:\u001b[0m     hyp|translate       : 0.1\n","stderr":true},"type":"standard_output"}
{"payload":{"local_timestamp":1731392174082,"message_id":372,"output":"\u001b[1;38;5;39mCOMET INFO:\u001b[0m     hyp|warmup_bias_lr  : 0.1\n","stderr":true},"type":"standard_output"}
{"payload":{"local_timestamp":1731392174082,"message_id":373,"output":"\u001b[1;38;5;39mCOMET INFO:\u001b[0m     hyp|warmup_epochs   : 3.0\n","stderr":true},"type":"standard_output"}
{"payload":{"local_timestamp":1731392174082,"message_id":374,"output":"\u001b[1;38;5;39mCOMET INFO:\u001b[0m     hyp|warmup_momentum : 0.8\n","stderr":true},"type":"standard_output"}
{"payload":{"local_timestamp":1731392174083,"message_id":375,"output":"\u001b[1;38;5;39mCOMET INFO:\u001b[0m     hyp|weight_decay    : 0.0005\n","stderr":true},"type":"standard_output"}
{"payload":{"local_timestamp":1731392174083,"message_id":376,"output":"\u001b[1;38;5;39mCOMET INFO:\u001b[0m     image_weights       : False\n","stderr":true},"type":"standard_output"}
{"payload":{"local_timestamp":1731392174083,"message_id":377,"output":"\u001b[1;38;5;39mCOMET INFO:\u001b[0m     imgsz               : 1024\n","stderr":true},"type":"standard_output"}
{"payload":{"local_timestamp":1731392174083,"message_id":378,"output":"\u001b[1;38;5;39mCOMET INFO:\u001b[0m     iou_t               : 0.2\n","stderr":true},"type":"standard_output"}
{"payload":{"local_timestamp":1731392174083,"message_id":379,"output":"\u001b[1;38;5;39mCOMET INFO:\u001b[0m     label_smoothing     : 0.0\n","stderr":true},"type":"standard_output"}
{"payload":{"local_timestamp":1731392174083,"message_id":380,"output":"\u001b[1;38;5;39mCOMET INFO:\u001b[0m     local_rank          : -1\n","stderr":true},"type":"standard_output"}
{"payload":{"local_timestamp":1731392174083,"message_id":381,"output":"\u001b[1;38;5;39mCOMET INFO:\u001b[0m     lr0                 : 0.01\n","stderr":true},"type":"standard_output"}
{"payload":{"local_timestamp":1731392174084,"message_id":382,"output":"\u001b[1;38;5;39mCOMET INFO:\u001b[0m     lrf                 : 0.01\n","stderr":true},"type":"standard_output"}
{"payload":{"local_timestamp":1731392174084,"message_id":383,"output":"\u001b[1;38;5;39mCOMET INFO:\u001b[0m     mixup               : 0.0\n","stderr":true},"type":"standard_output"}
{"payload":{"local_timestamp":1731392174084,"message_id":384,"output":"\u001b[1;38;5;39mCOMET INFO:\u001b[0m     momentum            : 0.937\n","stderr":true},"type":"standard_output"}
{"payload":{"local_timestamp":1731392174084,"message_id":385,"output":"\u001b[1;38;5;39mCOMET INFO:\u001b[0m     mosaic              : 1.0\n","stderr":true},"type":"standard_output"}
{"payload":{"local_timestamp":1731392174084,"message_id":386,"output":"\u001b[1;38;5;39mCOMET INFO:\u001b[0m     multi_scale         : False\n","stderr":true},"type":"standard_output"}
{"payload":{"local_timestamp":1731392174084,"message_id":387,"output":"\u001b[1;38;5;39mCOMET INFO:\u001b[0m     name                : exp\n","stderr":true},"type":"standard_output"}
{"payload":{"local_timestamp":1731392174085,"message_id":388,"output":"\u001b[1;38;5;39mCOMET INFO:\u001b[0m     ndjson_console      : False\n","stderr":true},"type":"standard_output"}
{"payload":{"local_timestamp":1731392174085,"message_id":389,"output":"\u001b[1;38;5;39mCOMET INFO:\u001b[0m     ndjson_file         : False\n","stderr":true},"type":"standard_output"}
{"payload":{"local_timestamp":1731392174085,"message_id":390,"output":"\u001b[1;38;5;39mCOMET INFO:\u001b[0m     noautoanchor        : False\n","stderr":true},"type":"standard_output"}
{"payload":{"local_timestamp":1731392174086,"message_id":391,"output":"\u001b[1;38;5;39mCOMET INFO:\u001b[0m     noplots             : False\n","stderr":true},"type":"standard_output"}
{"payload":{"local_timestamp":1731392174086,"message_id":392,"output":"\u001b[1;38;5;39mCOMET INFO:\u001b[0m     nosave              : False\n","stderr":true},"type":"standard_output"}
{"payload":{"local_timestamp":1731392174086,"message_id":393,"output":"\u001b[1;38;5;39mCOMET INFO:\u001b[0m     noval               : False\n","stderr":true},"type":"standard_output"}
{"payload":{"local_timestamp":1731392174086,"message_id":394,"output":"\u001b[1;38;5;39mCOMET INFO:\u001b[0m     obj                 : 2.5600000000000005\n","stderr":true},"type":"standard_output"}
{"payload":{"local_timestamp":1731392174087,"message_id":395,"output":"\u001b[1;38;5;39mCOMET INFO:\u001b[0m     obj_pw              : 1.0\n","stderr":true},"type":"standard_output"}
{"payload":{"local_timestamp":1731392174087,"message_id":396,"output":"\u001b[1;38;5;39mCOMET INFO:\u001b[0m     optimizer           : SGD\n","stderr":true},"type":"standard_output"}
{"payload":{"local_timestamp":1731392174087,"message_id":397,"output":"\u001b[1;38;5;39mCOMET INFO:\u001b[0m     patience            : 100\n","stderr":true},"type":"standard_output"}
{"payload":{"local_timestamp":1731392174087,"message_id":398,"output":"\u001b[1;38;5;39mCOMET INFO:\u001b[0m     perspective         : 0.0\n","stderr":true},"type":"standard_output"}
{"payload":{"local_timestamp":1731392174087,"message_id":399,"output":"\u001b[1;38;5;39mCOMET INFO:\u001b[0m     project             : runs\\train\n","stderr":true},"type":"standard_output"}
{"payload":{"local_timestamp":1731392174088,"message_id":400,"output":"\u001b[1;38;5;39mCOMET INFO:\u001b[0m     quad                : False\n","stderr":true},"type":"standard_output"}
{"payload":{"local_timestamp":1731392174088,"message_id":401,"output":"\u001b[1;38;5;39mCOMET INFO:\u001b[0m     rect                : False\n","stderr":true},"type":"standard_output"}
{"payload":{"local_timestamp":1731392174088,"message_id":402,"output":"\u001b[1;38;5;39mCOMET INFO:\u001b[0m     resume              : False\n","stderr":true},"type":"standard_output"}
{"payload":{"local_timestamp":1731392174088,"message_id":403,"output":"\u001b[1;38;5;39mCOMET INFO:\u001b[0m     resume_evolve       : None\n","stderr":true},"type":"standard_output"}
{"payload":{"local_timestamp":1731392174088,"message_id":404,"output":"\u001b[1;38;5;39mCOMET INFO:\u001b[0m     save_dir            : runs\\train\\exp\n","stderr":true},"type":"standard_output"}
{"payload":{"local_timestamp":1731392174089,"message_id":405,"output":"\u001b[1;38;5;39mCOMET INFO:\u001b[0m     save_period         : -1\n","stderr":true},"type":"standard_output"}
{"payload":{"local_timestamp":1731392174089,"message_id":406,"output":"\u001b[1;38;5;39mCOMET INFO:\u001b[0m     scale               : 0.5\n","stderr":true},"type":"standard_output"}
{"payload":{"local_timestamp":1731392174089,"message_id":407,"output":"\u001b[1;38;5;39mCOMET INFO:\u001b[0m     seed                : 0\n","stderr":true},"type":"standard_output"}
{"payload":{"local_timestamp":1731392174089,"message_id":408,"output":"\u001b[1;38;5;39mCOMET INFO:\u001b[0m     shear               : 0.0\n","stderr":true},"type":"standard_output"}
{"payload":{"local_timestamp":1731392174089,"message_id":409,"output":"\u001b[1;38;5;39mCOMET INFO:\u001b[0m     single_cls          : False\n","stderr":true},"type":"standard_output"}
{"payload":{"local_timestamp":1731392174089,"message_id":410,"output":"\u001b[1;38;5;39mCOMET INFO:\u001b[0m     sync_bn             : False\n","stderr":true},"type":"standard_output"}
{"payload":{"local_timestamp":1731392174090,"message_id":411,"output":"\u001b[1;38;5;39mCOMET INFO:\u001b[0m     translate           : 0.1\n","stderr":true},"type":"standard_output"}
{"payload":{"local_timestamp":1731392174090,"message_id":412,"output":"\u001b[1;38;5;39mCOMET INFO:\u001b[0m     upload_dataset      : False\n","stderr":true},"type":"standard_output"}
{"payload":{"local_timestamp":1731392174090,"message_id":413,"output":"\u001b[1;38;5;39mCOMET INFO:\u001b[0m     val_conf_threshold  : 0.001\n","stderr":true},"type":"standard_output"}
{"payload":{"local_timestamp":1731392174090,"message_id":414,"output":"\u001b[1;38;5;39mCOMET INFO:\u001b[0m     val_iou_threshold   : 0.6\n","stderr":true},"type":"standard_output"}
{"payload":{"local_timestamp":1731392174090,"message_id":415,"output":"\u001b[1;38;5;39mCOMET INFO:\u001b[0m     warmup_bias_lr      : 0.1\n","stderr":true},"type":"standard_output"}
{"payload":{"local_timestamp":1731392174091,"message_id":416,"output":"\u001b[1;38;5;39mCOMET INFO:\u001b[0m     warmup_epochs       : 3.0\n","stderr":true},"type":"standard_output"}
{"payload":{"local_timestamp":1731392174091,"message_id":417,"output":"\u001b[1;38;5;39mCOMET INFO:\u001b[0m     warmup_momentum     : 0.8\n","stderr":true},"type":"standard_output"}
{"payload":{"local_timestamp":1731392174091,"message_id":418,"output":"\u001b[1;38;5;39mCOMET INFO:\u001b[0m     weight_decay        : 0.0005\n","stderr":true},"type":"standard_output"}
{"payload":{"local_timestamp":1731392174091,"message_id":419,"output":"\u001b[1;38;5;39mCOMET INFO:\u001b[0m     workers             : 8\n","stderr":true},"type":"standard_output"}
{"payload":{"local_timestamp":1731392174092,"message_id":420,"output":"\u001b[1;38;5;39mCOMET INFO:\u001b[0m   Uploads:\n","stderr":true},"type":"standard_output"}
{"payload":{"local_timestamp":1731392174092,"message_id":421,"output":"\u001b[1;38;5;39mCOMET INFO:\u001b[0m     asset               : 5 (389.24 KB)\n","stderr":true},"type":"standard_output"}
{"payload":{"local_timestamp":1731392174092,"message_id":422,"output":"\u001b[1;38;5;39mCOMET INFO:\u001b[0m     environment details : 1\n","stderr":true},"type":"standard_output"}
{"payload":{"local_timestamp":1731392174093,"message_id":423,"output":"\u001b[1;38;5;39mCOMET INFO:\u001b[0m     installed packages  : 1\n","stderr":true},"type":"standard_output"}
{"payload":{"local_timestamp":1731392174093,"message_id":424,"output":"\u001b[1;38;5;39mCOMET INFO:\u001b[0m \n","stderr":true},"type":"standard_output"}
